,date,segment,topic,cluster
0,2011-04-27,opening_remark,Monetary policy decision,1
1,2011-04-27,qa_pair1,Monetary Policy & GDP,1
2,2011-04-27,qa_pair2,Monetary policy outlook,1
3,2011-04-27,qa_pair3,Effects of Fed policy on dollar.,1
4,2011-04-27,qa_pair4,Monetary policy and dollar value,1
5,2011-04-27,qa_pair5,Inflation and Gas Prices,4
6,2011-04-27,qa_pair6,Job Creation Recovery,3
7,2011-04-27,qa_pair7,Inflation expectations discussions,4
8,2011-04-27,qa_pair8,Monetary policy effects on economy.,1
9,2011-04-27,qa_pair9,Monetary policy outlook.,1
10,2011-04-27,qa_pair10,Monetary policy and unemployment.,4
11,2011-04-27,qa_pair11,Quantitative easing effects/outcomes,2
12,2011-04-27,qa_pair12,Inflation and oil prices.,4
13,2011-04-27,qa_pair13,Long term unemployment,5
14,2011-04-27,qa_pair14,Long-term unemployment.,5
15,2011-04-27,qa_pair15,Fiscal Crisis Discussion,0
16,2011-04-27,qa_pair16,Fiscal deficit discussion.,0
17,2011-04-27,qa_pair17,Global economic uncertainty,5
18,2011-04-27,qa_pair18,Monetary policy and inflation.,4
19,2011-04-27,qa_pair19,Monetary policy and dollar strength.,1
20,2011-04-27,qa_pair20,Federal Reserve Transparency,2
21,2011-04-27,qa_pair21,Monetary policymaking/slow recovery.,2
22,2011-06-22,opening_remark,Monetary policy projections,1
23,2011-06-22,qa_pair1,Monetary Policy Tools,1
24,2011-06-22,qa_pair2,Monetary policy and recovery,1
25,2011-06-22,qa_pair3,Discussion of Greek/European crisis.,6
26,2011-06-22,qa_pair4,Fiscal Policy Effects,0
27,2011-06-22,qa_pair5,Fiscal policy and job creation,3
28,2011-06-22,qa_pair6,Inflation targeting discussion.,4
29,2011-06-22,qa_pair7,Global economic impact of European debt.,0
30,2011-06-22,qa_pair8,Financial Crisis regulation,0
31,2011-06-22,qa_pair9,Inflation and unemployment tradeoff.,4
32,2011-06-22,qa_pair10,Extended low Fed rates,5
33,2011-06-22,qa_pair11,Monetary policy projection,1
34,2011-06-22,qa_pair12,Fiscal/economic policy discussion,0
35,2011-06-22,qa_pair13,Unemployment projections and growth,3
36,2011-06-22,qa_pair14,Monetary policy discussion.,1
37,2011-06-22,qa_pair15,Question of policy concerning deflation,5
38,2011-06-22,qa_pair16,Discussion of FOMC Exit Policies,6
39,2011-06-22,qa_pair17,Monetary policy and housing,1
40,2011-11-02,opening_remark,Monetary policy projection review,1
41,2011-11-02,qa_pair1,Fed independence and accountability.,6
42,2011-11-02,qa_pair2,Dual mandate approach,6
43,2011-11-02,qa_pair3,Income inequality discussion.,4
44,2011-11-02,qa_pair4,Monetary Policy and Rate Increase.,4
45,2011-11-02,qa_pair5,Mortgage-backed securities purchases.,0
46,2011-11-02,qa_pair6,Foreign investment in US Treasury securities.,0
47,2011-11-02,qa_pair7,Financial instability of MF Global,5
48,2011-11-02,qa_pair8,Monetary Policy Errors/Revisions,5
49,2011-11-02,qa_pair9,Monetary policy effectiveness,1
50,2011-11-02,qa_pair10,Main topic of discussion: Monetary policy tools,1
51,2011-11-02,qa_pair11,Monetary policy decision-making,1
52,2011-11-02,qa_pair12,Basel III regulation compliance.,6
53,2011-11-02,qa_pair13,Monetary policy tools.,1
54,2011-11-02,qa_pair14,Economic volatility and uncertainty.,5
55,2011-11-02,qa_pair15,Monetary policy communication,1
56,2011-11-02,qa_pair16,European debt crisis response,0
57,2011-11-02,qa_pair17,Monetary policy effects on investment returns.,1
58,2011-11-02,qa_pair18,Monetary policy & unemployment,4
59,2011-11-02,qa_pair19,Monetary policy outlook.,1
60,2012-01-25,opening_remark,Monetary policy transparency goals,2
61,2012-01-25,qa_pair1,Economic data strength.,3
62,2012-01-25,qa_pair2,Monetary policy and accommodative action,1
63,2012-01-25,qa_pair3,Monetary policy and inflation.,4
64,2012-01-25,qa_pair4,Monetary Forecasting and Interest Rates,1
65,2012-01-25,qa_pair5,Price Stability & Employment Symmetry,2
66,2012-01-25,qa_pair6,Price stability and employment.,3
67,2012-01-25,qa_pair7,Monetary Policy: Basel III surcharges,1
68,2012-01-25,qa_pair8,Monetary policy tightening/balance sheet expansion.,4
69,2012-01-25,qa_pair9,Monetary policy decisions.,1
70,2012-01-25,qa_pair10,Main topic: Housing crisis solutions.,6
71,2012-01-25,qa_pair11,Monetary policy expectations,1
72,2012-01-25,qa_pair12,Monetary Policy Actions,1
73,2012-01-25,qa_pair13,Dual mandate monetary policy,1
74,2012-01-25,qa_pair14,Monetary policy impacts.,1
75,2012-01-25,qa_pair15,Monetary policy and communications,1
76,2012-01-25,qa_pair16,Fed lending to IMF discussion.,6
77,2012-01-25,qa_pair17,PCE vs CPI inflation.,4
78,2012-01-25,qa_pair18,Fiscal policy impact on economy,0
79,2012-04-25,opening_remark,Monetary policy decisions,1
80,2012-04-25,qa_pair1,Monetary policy easing,1
81,2012-04-25,qa_pair2,Inflation and forecasts,4
82,2012-04-25,qa_pair3,Monetary policy stance/timing,1
83,2012-04-25,qa_pair4,FOMC rate projections.,6
84,2012-04-25,qa_pair5,"Monetary policy, inflation, unemployment.",4
85,2012-04-25,qa_pair6,Monetary Policy and Fiscal Cliff,1
86,2012-04-25,qa_pair7,Fiscal policy headwinds.,5
87,2012-04-25,qa_pair8,Inflation and employment goals.,4
88,2012-04-25,qa_pair9,European debt crisis,0
89,2012-04-25,qa_pair10,Monetary policy forecasts,1
90,2012-04-25,qa_pair11,"""Eliminating Too Big to Fail""",5
91,2012-04-25,qa_pair12,Monetary policy communication.,1
92,2012-04-25,qa_pair13,Monetary policy accommodation,1
93,2012-04-25,qa_pair14,Ending Too Big to Fail.,6
94,2012-04-25,qa_pair15,Monetary policy and bond yields.,1
95,2012-04-25,qa_pair16,Monetary policy differences: US & Japan,4
96,2012-04-25,qa_pair17,Labor force participation,3
97,2012-04-25,qa_pair18,Job growth outlook.,3
98,2012-04-25,qa_pair19,Slow labor market recovery,5
99,2012-06-20,opening_remark,Monetary policy outlook.,1
100,2012-06-20,qa_pair1,Federal Reserve policy decisions.,1
101,2012-06-20,qa_pair2,Monetary policy outlook.,1
102,2012-06-20,qa_pair3,Monetary policy efficacy,1
103,2012-06-20,qa_pair4,Monetary policy/partisan influence,1
104,2012-06-20,qa_pair5,Monetary policy/interest rates,1
105,2012-06-20,qa_pair6,Monetary policy & unemployment,4
106,2012-06-20,qa_pair7,Monetary policy decision.,1
107,2012-06-20,qa_pair8,European debt crisis.,0
108,2012-06-20,qa_pair9,Fiscal Cliff Impact,0
109,2012-06-20,qa_pair10,Fiscal cliff discussion.,0
110,2012-06-20,qa_pair11,Impact of Fed policy on employment,3
111,2012-06-20,qa_pair12,Global economic slow-down.,5
112,2012-06-20,qa_pair13,Duration of Treasury debt.,0
113,2012-06-20,qa_pair14,Labor market improvement.,3
114,2012-06-20,qa_pair15,Fiscal cliff importance.,0
115,2012-06-20,qa_pair16,Volcker Rule discussion,6
116,2012-06-20,qa_pair17,European economic instability,5
117,2012-06-20,qa_pair18,Lending & Credit Programs,0
118,2012-06-20,qa_pair19,Unconventional monetary policy.,5
119,2012-06-20,qa_pair20,Monetary policy in times of low interest rates.,2
120,2012-06-20,qa_pair21,Monetary policy & lending.,1
121,2012-06-20,qa_pair22,European debt purchase.,0
122,2012-06-20,qa_pair23,Monetary policy debate.,1
123,2012-09-13,opening_remark,Monetary policy actions.,1
124,2012-09-13,qa_pair1,Monetary policy and unemployment.,4
125,2012-09-13,qa_pair2,Monetary policy accommodations.,1
126,2012-09-13,qa_pair3,Fed's view on inflation,4
127,2012-09-13,qa_pair4,Monetary policy effectiveness.,1
128,2012-09-13,qa_pair5,Monetary policy transmission mechanism,1
129,2012-09-13,qa_pair6,Monetary policy communication tools,1
130,2012-09-13,qa_pair7,Monetary policy transmission mechanism,1
131,2012-09-13,qa_pair8,Monetary policy and labor market.,1
132,2012-09-13,qa_pair9,Monetary policy and labor market improvement.,1
133,2012-09-13,qa_pair10,Monetary policy & mortgages,1
134,2012-09-13,qa_pair11,Monetary policy conditionality,1
135,2012-09-13,qa_pair12,Monetary Policy Effects.,1
136,2012-09-13,qa_pair13,Impact of Basel III on small banks.,2
137,2012-09-13,qa_pair14,Divided Fed opinions on QE.,5
138,2012-09-13,qa_pair15,Fiscal cliff effects on unemployment,5
139,2012-09-13,qa_pair16,Monetary policy tools effectiveness,1
140,2012-09-13,qa_pair17,Monetary policy credibility,2
141,2012-09-13,qa_pair18,Mortgage rates and housing activity,0
142,2012-09-13,qa_pair19,Fiscal policy uncertainty.,0
143,2012-09-13,qa_pair20,Fiscal uncertainty headwinds,5
144,2012-09-13,qa_pair21,Labor market weakness,5
145,2012-12-12,opening_remark,Monetary policy and unemployment.,4
146,2012-12-12,qa_pair1,Monetary policy targets and guidance.,1
147,2012-12-12,qa_pair2,Fiscal cliff effect on economy.,0
148,2012-12-12,qa_pair3,Monetary policy and labor market.,1
149,2012-12-12,qa_pair4,Fiscal cliff discussion,0
150,2012-12-12,qa_pair5,Monetary policy exit strategy.,1
151,2012-12-12,qa_pair6,Fiscal and monetary policy.,1
152,2012-12-12,qa_pair7,Topic: Adjusting monetary policy.,1
153,2012-12-12,qa_pair8,Topic: Economic effects of fiscal cliff,0
154,2012-12-12,qa_pair9,Monetary policy and inflation,4
155,2012-12-12,qa_pair10,Topic of discussion: Unconventional Monetary Policy,5
156,2012-12-12,qa_pair11,Fiscal cliff resolution,0
157,2012-12-12,qa_pair12,Monetary policy accuracy evaluation,1
158,2012-12-12,qa_pair13,Monetary policy/unemployment mandate,1
159,2012-12-12,qa_pair14,Monetary policy communication,1
160,2012-12-12,qa_pair15,Monetary policy responses.,1
161,2012-12-12,qa_pair16,Discussion of Volcker Rule.,6
162,2012-12-12,qa_pair17,Monetary policy decisions.,1
163,2012-12-12,qa_pair18,Unemployment rate debate.,5
164,2012-12-12,qa_pair19,Fiscal cliff negotiations impact on markets.,0
165,2012-12-12,qa_pair20,Monetary policy and global perceptions,1
166,2012-12-12,qa_pair21,MBS purchases' impact on mortgage rates.,0
167,2013-03-20,opening_remark,Monetary policy/interest rates,1
168,2013-03-20,qa_pair1,Monetary policy and QE exit criteria,1
169,2013-03-20,qa_pair2,Monetary policy and employment outlook,1
170,2013-03-20,qa_pair3,Monetary policy adjustments,1
171,2013-03-20,qa_pair4,Financial implications of Cyprus crisis,0
172,2013-03-20,qa_pair5,Governance of central banks,0
173,2013-03-20,qa_pair6,Monetary policy and unemployment.,4
174,2013-03-20,qa_pair7,Monetary policy effectiveness.,1
175,2013-03-20,qa_pair8,"Addressing ""Too Big to Fail""",6
176,2013-03-20,qa_pair9,Monetary policy transmission and housing.,1
177,2013-03-20,qa_pair10,Stock market analysis.,0
178,2013-03-20,qa_pair11,Fiscal policy impact on growth,3
179,2013-03-20,qa_pair12,Monetary policy: labor market and economic growth.,4
180,2013-03-20,qa_pair13,Monetary policy and inflation targets,4
181,2013-03-20,qa_pair14,Too Big to Fail discussion.,6
182,2013-03-20,qa_pair15,Financial crisis in Cyprus,5
183,2013-03-20,qa_pair16,Monetary policy: spring slump,4
184,2013-03-20,qa_pair17,Contagious runs/deposits causing instability.,5
185,2013-03-20,qa_pair18,Labor Force Participation,3
186,2013-03-20,qa_pair19,Monetary policy and asset bubbles,1
187,2013-03-20,qa_pair20,Exit strategy uncertainty.,5
188,2013-06-19,opening_remark,FOMC monetary policy/projections,1
189,2013-06-19,qa_pair1,FOMC labor market policy,3
190,2013-06-19,qa_pair2,Monetary policy outlook and optimism.,2
191,2013-06-19,qa_pair3,Monetary policy and interest rates,1
192,2013-06-19,qa_pair4,Monetary policy & interest rates,1
193,2013-06-19,qa_pair5,Monetary policy discussion,1
194,2013-06-19,qa_pair6,Main topic: Unemployment and rate rises,4
195,2013-06-19,qa_pair7,Monetary policy and unemployment,4
196,2013-06-19,qa_pair8,Monetary policy communication.,1
197,2013-06-19,qa_pair9,Dodd-Frank rulemakings.,6
198,2013-06-19,qa_pair10,Monetary policy/Chairman Bernanke,1
199,2013-06-19,qa_pair11,FOMC policy expectations.,6
200,2013-06-19,qa_pair12,Mortgage Backed Securities,0
201,2013-06-19,qa_pair13,Tapering plans for June,6
202,2013-06-19,qa_pair14,Monetary policy and inflation.,4
203,2013-06-19,qa_pair15,Monetary policy & commodity prices,1
204,2013-06-19,qa_pair16,Money market fund reform,0
205,2013-06-19,qa_pair17,Bank of Japan policy,0
206,2013-06-19,qa_pair18,Communicating policy changes.,6
207,2013-09-18,opening_remark,Monetary policy decision rationale.,1
208,2013-09-18,qa_pair1,Labor market progress,3
209,2013-09-18,qa_pair2,Monetary policy guidance / communication,1
210,2013-09-18,qa_pair3,Monetary policy changes.,1
211,2013-09-18,qa_pair4,Monetary policy discussion.,1
212,2013-09-18,qa_pair5,Fiscal policy and asset purchases.,0
213,2013-09-18,qa_pair6,Monetary policy communication.,1
214,2013-09-18,qa_pair7,Interest rates outlook.,1
215,2013-09-18,qa_pair8,Monetary Policy Decisions,1
216,2013-09-18,qa_pair9,Monetary policy/inflation guidance,4
217,2013-09-18,qa_pair10,Discussion topic: Fiscal policy decisions,0
218,2013-09-18,qa_pair11,Financial crisis prevention.,0
219,2013-09-18,qa_pair12,Monetary policy effectiveness,1
220,2013-09-18,qa_pair13,Regulating SIFIs.,6
221,2013-09-18,qa_pair14,Financial System Stability,2
222,2013-09-18,qa_pair15,Main topic: Interest rate policy,1
223,2013-09-18,qa_pair16,Monetary policy discussion.,1
224,2013-09-18,qa_pair17,Jobless Rate Guidance,5
225,2013-09-18,qa_pair18,Monetary policy guidance.,1
226,2013-09-18,qa_pair19,"Poverty, inequality, and Fed policy.",5
227,2013-09-18,qa_pair20,Global economic effects of monetary policy.,1
228,2013-12-18,opening_remark,Monetary policy guidance,1
229,2013-12-18,qa_pair1,Monetary policy framework,1
230,2013-12-18,qa_pair2,Monetary policy data dependency.,1
231,2013-12-18,qa_pair3,Monetary policy transition.,1
232,2013-12-18,qa_pair4,Monetary policy and inflation.,4
233,2013-12-18,qa_pair5,Monetary Policy Impotency,5
234,2013-12-18,qa_pair6,Monetary policy and tapering.,1
235,2013-12-18,qa_pair7,Monetary policy tools/tools usage,1
236,2013-12-18,qa_pair8,Bond Purchases.,0
237,2013-12-18,qa_pair9,Monetary policy history.,1
238,2013-12-18,qa_pair10,Monetary accommodation/policy,1
239,2013-12-18,qa_pair11,Monetary policy and inflation,4
240,2013-12-18,qa_pair12,Monetary policy accommodation,1
241,2013-12-18,qa_pair13,Slow economic recovery.,5
242,2013-12-18,qa_pair14,Fiscal policy agreement,0
243,2013-12-18,qa_pair15,Financial regulatory reform.,0
244,2013-12-18,qa_pair16,Fed Centennial Review,6
245,2013-12-18,qa_pair17,Post-Chairmanship Role in SC,6
246,2013-12-18,qa_pair18,Economic investment slowdown,5
247,2013-12-18,qa_pair19,Asset purchases evaluation,6
248,2013-12-18,qa_pair20,Asset purchases impact,6
249,2013-12-18,qa_pair21,Discussion of Unemployment Benefits Impact,3
250,2013-12-18,qa_pair22,Monetary policy and oversight.,1
251,2013-12-18,qa_pair23,Structural unemployment/education,5
252,2014-03-19,opening_remark,Monetary Policy Guidance,1
253,2014-03-19,qa_pair1,Federal funds rate guidance change,6
254,2014-03-19,qa_pair2,FOMC rate projections,6
255,2014-03-19,qa_pair3,Main topic: Lower long run Fed Funds rate,5
256,2014-03-19,qa_pair4,Fed's analysis of weather effects.,6
257,2014-03-19,qa_pair5,Monetary policy/FOMC management,1
258,2014-03-19,qa_pair6,Discusion Topic: Balanced approach to conflicting objectives,6
259,2014-03-19,qa_pair7,Monetary policy: rate hikes & asset purchases,1
260,2014-03-19,qa_pair8,Monetary policy taper conditions.,5
261,2014-03-19,qa_pair9,Labor market indicators.,3
262,2014-03-19,qa_pair10,Slow economic recovery.,5
263,2014-03-19,qa_pair11,Monetary policy communication clarity,2
264,2014-03-19,qa_pair12,Low interest rates and housing.,5
265,2014-03-19,qa_pair13,Monetary policy goals.,1
266,2014-03-19,qa_pair14,Ukraine crisis risks to US.,5
267,2014-03-19,qa_pair15,unemployment impacts people,5
268,2014-06-18,opening_remark,Monetary policy decision-making,1
269,2014-06-18,qa_pair1,Federal Reserve inflation tolerance,2
270,2014-06-18,qa_pair2,Monetary policy projection change.,1
271,2014-06-18,qa_pair3,Unemployment rate outlook,5
272,2014-06-18,qa_pair4,Monetary policy uncertainty,1
273,2014-06-18,qa_pair5,Slower economic growth,5
274,2014-06-18,qa_pair6,Tightened credit regulations,5
275,2014-06-18,qa_pair7,Monetary policy and growth,1
276,2014-06-18,qa_pair8,Monetary policy normalization,1
277,2014-06-18,qa_pair9,Short-term wholesale funding.,2
278,2014-06-18,qa_pair10,Monetary policy objectives tradeoffs,1
279,2014-06-18,qa_pair11,Monetary policy communication.,1
280,2014-06-18,qa_pair12,Financial stability risks,2
281,2014-06-18,qa_pair13,Equity market valuations,0
282,2014-06-18,qa_pair14,Main discussion: Wage growth/compensation growth,3
283,2014-06-18,qa_pair15,Monetary policy timing.,1
284,2014-06-18,qa_pair16,Exit fee for bond funds,0
285,2014-09-17,opening_remark,Monetary policy normalization,1
286,2014-09-17,qa_pair1,Debate about forward guidance,6
287,2014-09-17,qa_pair2,Discussion Topic: Data Dependence Principle,6
288,2014-09-17,qa_pair3,"Slack labor market, wages, PCE",5
289,2014-09-17,qa_pair4,Monetary policy projections.,1
290,2014-09-17,qa_pair5,Monetary policy normalization,1
291,2014-09-17,qa_pair6,Labor force participation,3
292,2014-09-17,qa_pair7,Dissenting opinion on policy.,5
293,2014-09-17,qa_pair8,Global economic risks,5
294,2014-09-17,qa_pair9,Monetary policy flexibility,2
295,2014-09-17,qa_pair10,Slow economic recovery.,5
296,2014-09-17,qa_pair11,Scottish independence vote,6
297,2014-09-17,qa_pair12,Gradual vs aggressive tightening,6
298,2014-12-17,opening_remark,Monetary policy and labor market.,1
299,2014-12-17,qa_pair1,Monetary policy liftoff timing,1
300,2014-12-17,qa_pair2,Monetary policy normalization.,1
301,2014-12-17,qa_pair3,Global Economic Outlook,3
302,2014-12-17,qa_pair4,Topic of Discussion: Market Expectations and Fed Communication,3
303,2014-12-17,qa_pair5,Oil price effects on rates.,4
304,2014-12-17,qa_pair6,Monetary policy and inflation.,4
305,2014-12-17,qa_pair7,Monetary policy normalization,1
306,2014-12-17,qa_pair8,Topic: Unemployment and Inflation,4
307,2014-12-17,qa_pair9,Main topic: Firming and Normalization,6
308,2014-12-17,qa_pair10,Conflicts of Interest at the New York Fed,5
309,2014-12-17,qa_pair11,Topic: Fed independence and accountability,6
310,2014-12-17,qa_pair12,Global economic developments in Russia,3
311,2014-12-17,qa_pair13,Oil Prices and Leverage,4
312,2014-12-17,qa_pair14,Monetary policy and balance sheets,1
313,2014-12-17,qa_pair15,Housing Market Conditions,3
314,2015-03-18,opening_remark,Monetary policy and forward guidance,1
315,2015-03-18,qa_pair1,International & trade impact on US economy.,3
316,2015-03-18,qa_pair2,Monetary policy and inflation.,4
317,2015-03-18,qa_pair3,Fed Interest Rates Discussion,1
318,2015-03-18,qa_pair4,Monetary policy risk considerations.,1
319,2015-03-18,qa_pair5,Data-dependent monetary policy.,1
320,2015-03-18,qa_pair6,Inflation Expectations Measurement,4
321,2015-03-18,qa_pair7,Bubbles in Financial Markets,0
322,2015-03-18,qa_pair8,Monetary Policy transparency,2
323,2015-03-18,qa_pair9,Global monetary policy effect.,1
324,2015-03-18,qa_pair10,Monetary Policy Lag Effects,5
325,2015-03-18,qa_pair11,Main Topic: Security of FOMC Statement,6
326,2015-03-18,qa_pair12,Compensation and Banks' Culture,0
327,2015-03-18,qa_pair13,Federal Reserve transparency/accountability,2
328,2015-03-18,qa_pair14,Monetary policy normalization,1
329,2015-03-18,qa_pair15,Fed policy and productivity,3
330,2015-03-18,qa_pair16,Fed and Congress relations,6
331,2015-06-17,opening_remark,Monetary policy decision-making,1
332,2015-06-17,qa_pair1,Monetary policy timing.,1
333,2015-06-17,qa_pair2,Labor Market Improvement,3
334,2015-06-17,qa_pair3,Monetary policy transparency.,2
335,2015-06-17,qa_pair4,Monetary policy normalization,1
336,2015-06-17,qa_pair5,Monetary policy and rate increase,4
337,2015-06-17,qa_pair6,Fed rate increases volatility.,5
338,2015-06-17,qa_pair7,Labor market assessment,3
339,2015-06-17,qa_pair8,Labor market and wages.,3
340,2015-06-17,qa_pair9,Housing market affordability,2
341,2015-06-17,qa_pair10,European political integration crisis.,6
342,2015-06-17,qa_pair11,Consumer spending behavior.,3
343,2015-06-17,qa_pair12,Monetary assistance for AIG,2
344,2015-06-17,qa_pair13,Rising interest rates' benefits.,3
345,2015-06-17,qa_pair14,Monetary policy rates increase.,4
346,2015-06-17,qa_pair15,Monetary policy liftoff rate.,1
347,2015-06-17,qa_pair16,Monetary policy and dollar exchange rate.,1
348,2015-06-17,qa_pair17,Community Reinvestment Act.,6
349,2015-09-17,opening_remark,Monetary policy discussion,1
350,2015-09-17,qa_pair1,Uncertain global developments/interest rates,5
351,2015-09-17,qa_pair2,Monetary policy decisions.,1
352,2015-09-17,qa_pair3,Labor market and Fed interest rates.,4
353,2015-09-17,qa_pair4,Inflation expectations.,4
354,2015-09-17,qa_pair5,"Unemployment, inflation, and economic recovery.",4
355,2015-09-17,qa_pair6,Monetary policy thresholds/inflation,4
356,2015-09-17,qa_pair7,Economic outlook and risks,3
357,2015-09-17,qa_pair8,"Global economic developments, China, oil prices.",0
358,2015-09-17,qa_pair9,Global economic outlook.,3
359,2015-09-17,qa_pair10,Monetary Policy Rates,1
360,2015-09-17,qa_pair11,Discussion of negative interest rates.,5
361,2015-09-17,qa_pair12,Fed rate increase expectation,3
362,2015-09-17,qa_pair13,Monetary policy and exchange rates.,1
363,2015-09-17,qa_pair14,Housing market improvement,3
364,2015-09-17,qa_pair15,Monetary policy and inequality.,4
365,2015-09-17,qa_pair16,Government shutdown impacts.,5
366,2015-09-17,qa_pair17,Delaying rate normalization.,5
367,2015-12-16,opening_remark,Monetary policy and the economy.,1
368,2015-12-16,qa_pair1,Monetary policy decisions.,1
369,2015-12-16,qa_pair2,Monetary Policy Goals and Outlook,1
370,2015-12-16,qa_pair3,Inflation and Monetary Policy,4
371,2015-12-16,qa_pair4,Monetary Policy Inflation,4
372,2015-12-16,qa_pair5,Monetary policy transmission.,1
373,2015-12-16,qa_pair6,Monetary policy measures discussed,1
374,2015-12-16,qa_pair7,Monetary balance sheet policy.,1
375,2015-12-16,qa_pair8,Junk bond market risks,5
376,2015-12-16,qa_pair9,Monetary policy tightening.,4
377,2015-12-16,qa_pair10,Monetary policy implications,1
378,2015-12-16,qa_pair11,Interest rate risk at banks,0
379,2015-12-16,qa_pair12,Inflation and Fed policy.,4
380,2015-12-16,qa_pair13,Monetary policy risks (upside/downside),1
381,2015-12-16,qa_pair14,Monetary policy data dependence.,1
382,2015-12-16,qa_pair15,Inflation models and forecasting,4
383,2015-12-16,qa_pair16,U.S./emerging markets impact,6
384,2015-12-16,qa_pair17,Wage growth and labor market.,3
385,2016-03-16,opening_remark,Monetary policy adjustment discussed,1
386,2016-03-16,qa_pair1,Monetary policy normalization process.,1
387,2016-03-16,qa_pair2,Inflation target discussion.,4
388,2016-03-16,qa_pair3,Monetary policy and inflation,4
389,2016-03-16,qa_pair4,Global economic slow-down,5
390,2016-03-16,qa_pair5,Monetary Policy Meeting Apr.,1
391,2016-03-16,qa_pair6,Oil Prices & Inflation,4
392,2016-03-16,qa_pair7,Monetary policy risk assessment.,1
393,2016-03-16,qa_pair8,Labor market wage growth,3
394,2016-03-16,qa_pair9,Economic inequality/Fed influence,5
395,2016-03-16,qa_pair10,Labor market slack,5
396,2016-03-16,qa_pair11,Supreme Court nominations,6
397,2016-03-16,qa_pair12,Public attitudes on banking reform,0
398,2016-03-16,qa_pair13,Phillips Curve relationship to inflation.,4
399,2016-03-16,qa_pair14,Monetary Policy & Stimulus,1
400,2016-06-15,opening_remark,Monetary policy discussion.,1
401,2016-06-15,qa_pair1,Brexit and economic impact,0
402,2016-06-15,qa_pair2,Monetary policy outlook and rates.,1
403,2016-06-15,qa_pair3,Monetary policy and labor market,1
404,2016-06-15,qa_pair4,Monetary policy and labor market.,1
405,2016-06-15,qa_pair5,Low long-term bond yields,5
406,2016-06-15,qa_pair6,"Labor market, indicator analysis",3
407,2016-06-15,qa_pair7,Political/monetary policy influence.,1
408,2016-06-15,qa_pair8,Monetary policy/inflation,4
409,2016-06-15,qa_pair9,Monetary policy discussion.,1
410,2016-06-15,qa_pair10,Wage growth/employment,3
411,2016-06-15,qa_pair11,Monetary and Fiscal Policy Coordination,1
412,2016-06-15,qa_pair12,Monetary policy and economic growth,3
413,2016-06-15,qa_pair13,Monetary policy constraints on US interest rates.,1
414,2016-06-15,qa_pair14,Oil Prices and Inflation,4
415,2016-09-21,opening_remark,Monetary policy rate decision,1
416,2016-09-21,qa_pair1,Monetary policy: Labor Market Slack,5
417,2016-09-21,qa_pair2,Monetary policy timing.,1
418,2016-09-21,qa_pair3,Fed rate hike expectations.,4
419,2016-09-21,qa_pair4,Monetary independent policy.,2
420,2016-09-21,qa_pair5,Monetary policy & global reach for yield,1
421,2016-09-21,qa_pair6,Topic: Moneta ry and Fiscal policy.,0
422,2016-09-21,qa_pair7,Brexit and Fed policy disagreement.,0
423,2016-09-21,qa_pair8,Monetary policy debate,1
424,2016-09-21,qa_pair9,Asset valuation bubbles,3
425,2016-09-21,qa_pair10,Regulation & Wells Fargo Investigation,6
426,2016-09-21,qa_pair11,Tariff discussion/impact.,6
427,2016-09-21,qa_pair12,Regulatory expectations for banks.,0
428,2016-09-21,qa_pair13,Slow economic growth and low inflation.,2
429,2016-09-21,qa_pair14,Topic: Banker conflict of interest,0
430,2016-09-21,qa_pair15,Monetary policy and inflation,4
431,2016-09-21,qa_pair16,Job training programs.,3
432,2016-09-21,qa_pair17,wage growth discussion.,3
433,2016-12-14,opening_remark,Monetary policy decisions,1
434,2016-12-14,qa_pair1,Changing rate paths due to economic/fiscal changes.,4
435,2016-12-14,qa_pair2,Productivity and fiscal policies,3
436,2016-12-14,qa_pair3,Monetary policy and confidence in economy,2
437,2016-12-14,qa_pair4,Monetary policy and unemployment.,4
438,2016-12-14,qa_pair5,Fiscal stimulus debate.,0
439,2016-12-14,qa_pair6,Running a high-pressure economy,3
440,2016-12-14,qa_pair7,Political interference on Fed.,6
441,2016-12-14,qa_pair8,Financial Regulation Reform,0
442,2016-12-14,qa_pair9,Financial regulation reforms.,0
443,2016-12-14,qa_pair10,Monetary Policy and Trump's Economic Plan.,0
444,2016-12-14,qa_pair11,Labor market/maximum employment.,3
445,2016-12-14,qa_pair12,Fed Chair Yellen's Term,6
446,2016-12-14,qa_pair13,Equity Prices and Optimism,2
447,2016-12-14,qa_pair14,Culture and Compliance Risk,6
448,2016-12-14,qa_pair15,Economic Hysteresis Policy,0
449,2016-12-14,qa_pair16,Manufacturing job assistance/training,3
450,2016-12-14,qa_pair17,Fed Balance Sheet normalization,6
451,2017-03-15,opening_remark,Monetary policy raise,4
452,2017-03-15,qa_pair1,Monetary policy balance sheet normalization.,1
453,2017-03-15,qa_pair2,Monetary policy rate increases.,4
454,2017-03-15,qa_pair3,Future policy response discussion,6
455,2017-03-15,qa_pair4,Fiscal/Monetary policy relationship,1
456,2017-03-15,qa_pair5,Monetary policy and low neutral rate.,2
457,2017-03-15,qa_pair6,Monetary policy adjustments discussion,1
458,2017-03-15,qa_pair7,Financial Conditions Outlook,0
459,2017-03-15,qa_pair8,Global economic outlook,3
460,2017-03-15,qa_pair9,Economic sentiment shift,5
461,2017-03-15,qa_pair10,Potential economic policy conflict.,5
462,2017-03-15,qa_pair11,monetary policy decision-making,1
463,2017-03-15,qa_pair12,Financial crisis regulation,0
464,2017-03-15,qa_pair13,Monetary policy and labor market.,1
465,2017-03-15,qa_pair14,Symmetric inflation target.,2
466,2017-03-15,qa_pair15,Monetary policy impacts on dollar.,1
467,2017-03-15,qa_pair16,Monetary policy regulations,1
468,2017-03-15,qa_pair17,Monetary policy and wages.,1
469,2017-06-14,opening_remark,Monetary policy decision process.,1
470,2017-06-14,qa_pair1,Monetary policy normalization,1
471,2017-06-14,qa_pair2,Monetary policy/personnel,1
472,2017-06-14,qa_pair3,Weak inflation vigilance,5
473,2017-06-14,qa_pair4,Monetary policy & inflation,4
474,2017-06-14,qa_pair5,Policy change risks discussed.,6
475,2017-06-14,qa_pair6,Monetary policy implications,1
476,2017-06-14,qa_pair7,Low inflation environment,2
477,2017-06-14,qa_pair8,Inflation target debate.,4
478,2017-06-14,qa_pair9,Fed funds rate uncertainty,4
479,2017-06-14,qa_pair10,Monetary policy communication.,1
480,2017-06-14,qa_pair11,Monetary policy and regulation,1
481,2017-06-14,qa_pair12,Reinvestment/rate adjustment plan.,6
482,2017-06-14,qa_pair13,Volcker rule implementation.,6
483,2017-06-14,qa_pair14,Monetary policy & QE effects,1
484,2017-06-14,qa_pair15,Job training programs,3
485,2017-09-20,opening_remark,Monetary policy decisions,1
486,2017-09-20,qa_pair1,Inflation and Employment mandate,4
487,2017-09-20,qa_pair2,Asset price movements/effects.,1
488,2017-09-20,qa_pair3,Monetary policy tools discussed,1
489,2017-09-20,qa_pair4,Monetary policy decisions,1
490,2017-09-20,qa_pair5,Monetary policy and inflation.,4
491,2017-09-20,qa_pair6,Monetary policy decisions/rates,1
492,2017-09-20,qa_pair7,Topic: Chair Yellen's Term's expiration.,6
493,2017-09-20,qa_pair8,Financial regulation reform,0
494,2017-09-20,qa_pair9,Monetary policy quorum and nominations,1
495,2017-09-20,qa_pair10,Debt and fiscal policy,0
496,2017-09-20,qa_pair11,Wells Fargo misconduct,5
497,2017-09-20,qa_pair12,Effectiveness of balance sheet policy,2
498,2017-09-20,qa_pair13,FSOC designation process,6
499,2017-09-20,qa_pair14,Monetary policy and inflation.,4
500,2017-12-13,opening_remark,Main topic of discussion: Federal Funds Rate increase,3
501,2017-12-13,qa_pair1,Fiscal policy and taxes,0
502,2017-12-13,qa_pair2,Inflation expectations/outlook.,4
503,2017-12-13,qa_pair3,Tax reform impacts on GDP,0
504,2017-12-13,qa_pair4,"Monetary policy, wage increases, and diversity of economists.",3
505,2017-12-13,qa_pair5,Federal Reserve & Market Valuations,1
506,2017-12-13,qa_pair6,Taxation and Fiscal Stimulus,0
507,2017-12-13,qa_pair7,monetary policy tools discussion,1
508,2017-12-13,qa_pair8,"Regulatory/banking reform, Too big to fail.",0
509,2017-12-13,qa_pair9,Monetary Policy Outlook Discussion.,1
510,2017-12-13,qa_pair10,Exploring central bank digital currency.,0
511,2017-12-13,qa_pair11,Gender Diversity Appointments,6
512,2017-12-13,qa_pair12,Monetary policy advice for Powell.,1
513,2017-12-13,qa_pair13,Deregulation of banking.,5
514,2017-12-13,qa_pair14,Economic risks and outlook,3
515,2017-12-13,qa_pair15,Monetary Policy & Inflation,4
516,2017-12-13,qa_pair16,Topic: Chair Yellen's plans to step down,6
517,2017-12-13,qa_pair17,Financial Stability Risks from Bitcoin,0
518,2017-12-13,qa_pair18,Yield Curve Flattening,6
519,2018-03-21,opening_remark,Monetary policy accommodation,1
520,2018-03-21,qa_pair1,Inflation dynamic and rate hikes.,4
521,2018-03-21,qa_pair2,Symmetric inflation targetting,2
522,2018-03-21,qa_pair3,Fiscal and monetary policy,1
523,2018-03-21,qa_pair4,Full employment implications,3
524,2018-03-21,qa_pair5,Answer: Neutral rate of interest,2
525,2018-03-21,qa_pair6,Trade policy and balance sheet.,1
526,2018-03-21,qa_pair7,Tax cuts/spending impact,0
527,2018-03-21,qa_pair8,Monetary policy & forecasts,1
528,2018-03-21,qa_pair9,Monetary policy discussion.,1
529,2018-03-21,qa_pair10,Topic: Trade and Productivity,3
530,2018-03-21,qa_pair11,Monetary policy forecasts.,1
531,2018-03-21,qa_pair12,Secular stagnation and fiscal policy.,2
532,2018-03-21,qa_pair13,Monetary policy framework.,1
533,2018-03-21,qa_pair14,Financial Stability and Asset Risk,2
534,2018-03-21,qa_pair15,Regulatory powers to banks.,0
535,2018-03-21,qa_pair16,Supply-side and demand-side effects of fiscal policy.,0
536,2018-03-21,qa_pair17,Trade policy discussion,3
537,2018-03-21,qa_pair18,Trade policy.,3
538,2018-03-21,qa_pair19,Wage growth and labor market tightening,3
539,2018-03-21,qa_pair20,Monetary Policy and Elections,1
540,2018-03-21,qa_pair21,Yield curve predicting recession,0
541,2018-06-13,opening_remark,Monetary policy outlook,1
542,2018-06-13,qa_pair1,Fiscal policy and inflation,4
543,2018-06-13,qa_pair2,Monetary policy neutrality.,2
544,2018-06-13,qa_pair3,Inflation targeting parameters.,4
545,2018-06-13,qa_pair4,Trade policies causing tensions.,5
546,2018-06-13,qa_pair5,Monetary policy views of growth.,1
547,2018-06-13,qa_pair6,Inflation Target Symmetry,4
548,2018-06-13,qa_pair7,Monetary policy normalization,1
549,2018-06-13,qa_pair8,Wage Growth Pickup,3
550,2018-06-13,qa_pair9,Monetary policy and inflation/unemployment.,4
551,2018-06-13,qa_pair10,Interest rate management.,1
552,2018-06-13,qa_pair11,Monetary policy effects on economy,1
553,2018-06-13,qa_pair12,Economic policy/inflation forecasting,4
554,2018-06-13,qa_pair13,Legalizing marijuana banking,0
555,2018-06-13,qa_pair14,Regulatory revision agenda,6
556,2018-06-13,qa_pair15,Monetary Policy/Economic Expansion,1
557,2018-06-13,qa_pair16,Monetary policy discussion.,1
558,2018-06-13,qa_pair17,Monetary policy language change,1
559,2018-06-13,qa_pair18,Trade risks to economy.,5
560,2018-06-13,qa_pair19,Yield curve and policy rate,1
561,2018-06-13,qa_pair20,Credit Bubble Concerns,0
562,2018-06-13,qa_pair21,Fed raising interest rates.,4
563,2018-06-13,qa_pair22,Wage growth and distribution,3
564,2018-09-26,opening_remark,Monetary policy summary.,1
565,2018-09-26,qa_pair1,Monetary policy tightening cycle.,4
566,2018-09-26,qa_pair2,Fed independence and monetary policy.,1
567,2018-09-26,qa_pair3,Monetary policy and markets.,1
568,2018-09-26,qa_pair4,Inflation & employment & interest rates,4
569,2018-09-26,qa_pair5,Financial Stability Risks,2
570,2018-09-26,qa_pair6,Trade war impact discussion.,6
571,2018-09-26,qa_pair7,Topic of Discussion: Economic Growth Forecasts,3
572,2018-09-26,qa_pair8,Monetary Policy Adjustments.,1
573,2018-09-26,qa_pair9,Labor Force Participation,3
574,2018-09-26,qa_pair10,Tariff price increases,3
575,2018-09-26,qa_pair11,Monetary policy tightening.,4
576,2018-09-26,qa_pair12,"Nominating Fed candidates, corporate debt.",0
577,2018-09-26,qa_pair13,"re debating

Monetary policy neutrality",2
578,2018-09-26,qa_pair14,Financial System Stability,2
579,2018-09-26,qa_pair15,Effect of rising interest rates,4
580,2018-09-26,qa_pair16,Joint CRA rulemaking.,6
581,2018-09-26,qa_pair17,Monetary policy and neutral rate.,2
582,2018-09-26,qa_pair18,Monetary policy implications.,1
583,2018-09-26,qa_pair19,Monetary policy adjustment.,1
584,2018-09-26,qa_pair20,Wage & benefit growth,3
585,2018-09-26,qa_pair21,Fiscal policy and deficits.,0
586,2018-09-26,qa_pair22,Impact of U.S. monetary policy.,1
587,2018-09-26,qa_pair23,Stock market exuberance,3
588,2018-09-26,qa_pair24,Mortgage lending supervision,0
589,2018-12-19,opening_remark,Monetary policy and crosscurrents.,1
590,2018-12-19,qa_pair1,Inflation & Fed response,4
591,2018-12-19,qa_pair2,Balance sheet normalization,2
592,2018-12-19,qa_pair3,Monetary policy and inflation.,4
593,2018-12-19,qa_pair4,Monetary policy and market conditions,1
594,2018-12-19,qa_pair5,Persistent inflation undershooting.,5
595,2018-12-19,qa_pair6,Monetary policy choice.,1
596,2018-12-19,qa_pair7,Monetary policy communication review,1
597,2018-12-19,qa_pair8,Monetary policy tightening,4
598,2018-12-19,qa_pair9,Monetary policy and volatility,4
599,2018-12-19,qa_pair10,Monetary policy and Trump.,0
600,2018-12-19,qa_pair11,Monetary policy neutrality,2
601,2018-12-19,qa_pair12,Monetary policy mood of concern,5
602,2018-12-19,qa_pair13,Financial Market Volatility,5
603,2018-12-19,qa_pair14,Discussion topic: Inflation expectations and dual mandate,4
604,2018-12-19,qa_pair15,Communicating rate hikes.,6
605,2018-12-19,qa_pair16,Labor Market Slack,5
606,2018-12-19,qa_pair17,Regulatory tailoring for smaller banks,2
607,2018-12-19,qa_pair18,Bond Yields Outlook,0
608,2018-12-19,qa_pair19,Monetary policy and neutral rate,2
609,2018-12-19,qa_pair20,Global growth/economic developments,3
610,2019-01-30,opening_remark,Monetary policy: patient approach,2
611,2019-01-30,qa_pair1,Monetary policy stance.,1
612,2019-01-30,qa_pair2,Monetary policy risks assessment,1
613,2019-01-30,qa_pair3,Monetary policy and inflation.,4
614,2019-01-30,qa_pair4,"Monetary policy, inflation.",4
615,2019-01-30,qa_pair5,Discussion of balance sheet size.,6
616,2019-01-30,qa_pair6,Balance sheet composition.,6
617,2019-01-30,qa_pair7,Global economic slowdown and tightening financial conditions,5
618,2019-01-30,qa_pair8,End of tightening cycle.,5
619,2019-01-30,qa_pair9,Money laundering enforcement & real-time payments,0
620,2019-01-30,qa_pair10,Political Influence on Rates,6
621,2019-01-30,qa_pair11,Monetary policy tools,1
622,2019-01-30,qa_pair12,Economic impact of government shutdown.,5
623,2019-01-30,qa_pair13,Topic: Effects of trade tariffs.,0
624,2019-01-30,qa_pair14,Corporate debt risk,0
625,2019-01-30,qa_pair15,Monetary policy decision continuity.,1
626,2019-01-30,qa_pair16,Fintech charter access.,6
627,2019-01-30,qa_pair17,Global economic growth.,3
628,2019-01-30,qa_pair18,Fiscal policy/debt effects.,0
629,2019-01-30,qa_pair19,Accommodative monetary policy.,1
630,2019-01-30,qa_pair20,Brexit consequences for America,5
631,2019-01-30,qa_pair21,Balance sheet reserves demand,1
632,2019-01-30,qa_pair22,Financial market/conditions effect on macroeconomy.,0
633,2019-01-30,qa_pair23,Balance sheet normalization,2
634,2019-03-20,opening_remark,Monetary policy approach/decisions.,1
635,2019-03-20,qa_pair1,Monetary policy outlook and balance sheet.,1
636,2019-03-20,qa_pair2,Global economic slowdown.,5
637,2019-03-20,qa_pair3,Wells Fargo abuse/regulation,6
638,2019-03-20,qa_pair4,Monetary policy outlook & risks,1
639,2019-03-20,qa_pair5,Comparing White House & Fed growth projections.,0
640,2019-03-20,qa_pair6,Monetary policy: rate changes,1
641,2019-03-20,qa_pair7,Main Topic: Stress testing & consensus,6
642,2019-03-20,qa_pair8,Consumer spending slowdown.,5
643,2019-03-20,qa_pair9,Financial stability risks.,2
644,2019-03-20,qa_pair10,Debt sustainability issues,0
645,2019-03-20,qa_pair11,Brexit and monetary policy,1
646,2019-03-20,qa_pair12,Inflation expectations,4
647,2019-03-20,qa_pair13,Global low inflation challenge.,5
648,2019-03-20,qa_pair14,Monetary policy decision-making,1
649,2019-03-20,qa_pair15,Wage growth and inflation.,4
650,2019-03-20,qa_pair16,Preparing for Brexit impacts,6
651,2019-03-20,qa_pair17,Bank consolidation regulations,0
652,2019-03-20,qa_pair18,Fiscal/Monetary policy balance,1
653,2019-03-20,qa_pair19,Flattening yield curve,6
654,2019-03-20,qa_pair20,Balance sheet growth decision,3
655,2019-03-20,qa_pair21,Fed policy tightening impacts.,6
656,2019-05-01,opening_remark,Monetary policy and inflation.,4
657,2019-05-01,qa_pair1,Low inflation policy response.,2
658,2019-05-01,qa_pair2,Monetary policy stance.,1
659,2019-05-01,qa_pair3,Monetary control and transmission.,1
660,2019-05-01,qa_pair4,Financial stability risks,2
661,2019-05-01,qa_pair5,Inflation and rates,4
662,2019-05-01,qa_pair6,Fiscal stimulus & inflation,4
663,2019-05-01,qa_pair7,Relative wages of women vs. men,5
664,2019-05-01,qa_pair8,Fedwire outage investigation,6
665,2019-05-01,qa_pair9,Lengthy economic expansions.,3
666,2019-05-01,qa_pair10,Monetary policy decision-making,1
667,2019-05-01,qa_pair11,Controlling inflation and financial stability,2
668,2019-05-01,qa_pair12,Manufacturing sector growth.,3
669,2019-05-01,qa_pair13,Domestic economic growth,3
670,2019-05-01,qa_pair14,Monetary policy and inflation,4
671,2019-05-01,qa_pair15,Low inflation considerations.,2
672,2019-05-01,qa_pair16,Monetary Policy tools,1
673,2019-05-01,qa_pair17,Volcker Rule revisions,6
674,2019-05-01,qa_pair18,Topic: Lack of overheating,2
675,2019-05-01,qa_pair19,Productivity and wages growth,3
676,2019-06-19,opening_remark,Monetary policy and global economy,1
677,2019-06-19,qa_pair1,Monetary policy discussion,1
678,2019-06-19,qa_pair2,Trade and Global Growth,3
679,2019-06-19,qa_pair3,Federal reserve independence,6
680,2019-06-19,qa_pair4,Monetary policy balance,1
681,2019-06-19,qa_pair5,Monetary Policy Debate,1
682,2019-06-19,qa_pair6,Central bank domestic mandates,0
683,2019-06-19,qa_pair7,Topic: Inflation & Dot era,4
684,2019-06-19,qa_pair8,Monetary policy decision-making,1
685,2019-06-19,qa_pair9,Exchange rate interventions,1
686,2019-06-19,qa_pair10,Monetary policy decisions.,1
687,2019-06-19,qa_pair11,Main topic: Economic data and analysis,3
688,2019-06-19,qa_pair12,Benefiting underprivileged communities,2
689,2019-06-19,qa_pair13,Monetary policy responses.,1
690,2019-06-19,qa_pair14,Monetary policy independence.,1
691,2019-06-19,qa_pair15,Digital currencies / Libra,6
692,2019-06-19,qa_pair16,Monetary policy review/debate.,1
693,2019-06-19,qa_pair17,Monetary policy & leveraged lending,1
694,2019-06-19,qa_pair18,Discussion of labor markets.,3
695,2019-06-19,qa_pair19,FOMC balance sheet policy.,6
696,2019-07-31,opening_remark,Monetary policy adjustments discussion,1
697,2019-07-31,qa_pair1,Monetary policy adjustment,1
698,2019-07-31,qa_pair2,Monetary policy effects on economy,1
699,2019-07-31,qa_pair3,data-driven decision-making,6
700,2019-07-31,qa_pair4,Monetary policy & trade tensions,1
701,2019-07-31,qa_pair5,Monetary policy decision-making,1
702,2019-07-31,qa_pair6,Monetary policy uncertainty.,1
703,2019-07-31,qa_pair7,Midcycle policy adjustment.,6
704,2019-07-31,qa_pair8,Monetary policy outlook,1
705,2019-07-31,qa_pair9,Monetary policy and real time payments,1
706,2019-07-31,qa_pair10,Topic: Easing of monetary policy,1
707,2019-07-31,qa_pair11,Sustaining the expansion,3
708,2019-07-31,qa_pair12,Monetary policy decisions.,1
709,2019-07-31,qa_pair13,Financial Stability Concerns,2
710,2019-07-31,qa_pair14,Monetary policy adjustments.,1
711,2019-07-31,qa_pair15,Trade tensions and tariffs.,5
712,2019-07-31,qa_pair16,Monetary Policy Consensus,1
713,2019-07-31,qa_pair17,Wells Fargo progress review,6
714,2019-07-31,qa_pair18,Monetary policy in recessions,0
715,2019-07-31,qa_pair19,Monetary policy review/review of inflation framework,4
716,2019-07-31,qa_pair20,Monetary policy efficacy.,1
717,2019-07-31,qa_pair21,Fed communication challenges,6
718,2019-09-18,opening_remark,Monetary policy: interest rate cut.,4
719,2019-09-18,qa_pair1,Monetary Policy Adjustment,1
720,2019-09-18,qa_pair2,FOMC decision-making process,6
721,2019-09-18,qa_pair3,Data-Dependent Risk Management,6
722,2019-09-18,qa_pair4,Liquidity Crunch Response,2
723,2019-09-18,qa_pair5,Trade uncertainty effects,5
724,2019-09-18,qa_pair6,Monetary policy expectations.,1
725,2019-09-18,qa_pair7,Balance sheet/reserves scarcity,5
726,2019-09-18,qa_pair8,Liquidity regulations review.,6
727,2019-09-18,qa_pair9,Monetary policy and trade uncertainty.,1
728,2019-09-18,qa_pair10,Monetary policy decision making.,1
729,2019-09-18,qa_pair11,Monetary policy tools and negative rates,4
730,2019-09-18,qa_pair12,Answer: Monetary policy effects on economy,1
731,2019-09-18,qa_pair13,Debt Bubble Risk Monitoring,0
732,2019-09-18,qa_pair14,Topic: Economy and Monetary Policy,1
733,2019-09-18,qa_pair15,Trade policy uncertainty.,5
734,2019-09-18,qa_pair16,Bank of America investigation,0
735,2019-09-18,qa_pair17,Monetary vs Fiscal Policy,1
736,2019-09-18,qa_pair18,Monetary policy independence,2
737,2019-09-18,qa_pair19,Global glut of US debt,5
738,2019-09-18,qa_pair20,Global interest rate divergence.,4
739,2019-10-30,opening_remark,Monetary policy adjustments/interest rates.,1
740,2019-10-30,qa_pair1,Monetary Policy & Outlook,1
741,2019-10-30,qa_pair2,"Topic of discussion: Trade, Brexit, Business Investment",0
742,2019-10-30,qa_pair3,Monetary Policy Outlook.,1
743,2019-10-30,qa_pair4,Monetary policy stance judgement,1
744,2019-10-30,qa_pair5,Inflation expectations and policy,4
745,2019-10-30,qa_pair6,Monetary policy/trade uncertainty.,1
746,2019-10-30,qa_pair7,High pressure labor market gains.,3
747,2019-10-30,qa_pair8,Fed balance sheet policy,0
748,2019-10-30,qa_pair9,Monetary policy effects on economy,1
749,2019-10-30,qa_pair10,Monetary policy and global economy,1
750,2019-10-30,qa_pair11,Inclusion of disadvantaged.,6
751,2019-10-30,qa_pair12,Achieving trend growth,3
752,2019-10-30,qa_pair13,Monetary Policy Decision,1
753,2019-10-30,qa_pair14,Rural/Urban Disparities.,5
754,2019-10-30,qa_pair15,Answer: Trade negotiations with China,0
755,2019-10-30,qa_pair16,Income inequality & labor arrangements.,5
756,2019-10-30,qa_pair17,Monetary policy stance,1
757,2019-10-30,qa_pair18,Financial Stability Risks,2
758,2019-10-30,qa_pair19,Fed Reserve liquidity review.,0
759,2019-10-30,qa_pair20,Low inflation expectations,5
760,2019-10-30,qa_pair21,ANSWER: Balance sheet composition,6
761,2019-10-30,qa_pair22,Monetary policy characterization,1
762,2019-12-11,opening_remark,Paul Volcker's legacy,6
763,2019-12-11,qa_pair1,Weak inflation-unemployment link.,5
764,2019-12-11,qa_pair2,Monetary policy rate cuts.,5
765,2019-12-11,qa_pair3,"Monetary policy, repo market.",1
766,2019-12-11,qa_pair4,"Monetary policy, inflation rate.",4
767,2019-12-11,qa_pair5,Monetary policy & inflation,4
768,2019-12-11,qa_pair6,Monetary policy and inflation.,4
769,2019-12-11,qa_pair7,Monetary policy framework review.,1
770,2019-12-11,qa_pair8,Trade policy uncertainty.,5
771,2019-12-11,qa_pair9,Discussion of labor utilization and maximum employment.,3
772,2019-12-11,qa_pair10,Monetary policy operations/treasury.,1
773,2019-12-11,qa_pair11,Monetary policy decision-making.,1
774,2019-12-11,qa_pair12,Topic of discussion: Interest Rate Policy,1
775,2019-12-11,qa_pair13,Topic: Trade Negotiations Effects,6
776,2019-12-11,qa_pair14,Impeachment risks for economy,5
777,2019-12-11,qa_pair15,Monetary policy dot plot.,1
778,2019-12-11,qa_pair16,Monetary policy framework review.,1
779,2019-12-11,qa_pair17,Monetary policy response/impact,1
780,2019-12-11,qa_pair18,Monetary policy and wages.,1
781,2019-12-11,qa_pair19,Community Reinvestment Act.,6
782,2019-12-11,qa_pair20,Labor Market Strength,3
783,2020-01-29,opening_remark,"Monetary policy: unemployment, wages, inflation.",4
784,2020-01-29,qa_pair1,Inflation objective commitment,4
785,2020-01-29,qa_pair2,Monetary policy implementation,1
786,2020-01-29,qa_pair3,Monetary policy balance sheets and reserves,1
787,2020-01-29,qa_pair4,Labor market performance,3
788,2020-01-29,qa_pair5,Monetary policy framework review,1
789,2020-01-29,qa_pair6,Global growth impacts of coronavirus,3
790,2020-01-29,qa_pair7,Monetary policy: IOER & Fed Funds.,1
791,2020-01-29,qa_pair8,Answer: Standing repo facility,6
792,2020-01-29,qa_pair9,Monetary policy discussion,1
793,2020-01-29,qa_pair10,Climate change risk assessment.,6
794,2020-01-29,qa_pair11,Trade policy uncertainty.,5
795,2020-01-29,qa_pair12,Repo market liquidity review,0
796,2020-01-29,qa_pair13,Monetary policy operations/transmission.,1
797,2020-01-29,qa_pair14,Revising the Volcker Rule,6
798,2020-01-29,qa_pair15,Topic: Chinese financial sector,0
799,2020-01-29,qa_pair16,Monetary policy framework,1
800,2020-01-29,qa_pair17,Monetary policy framework review,1
801,2020-01-29,qa_pair18,Financial Stability Framework,2
802,2020-01-29,qa_pair19,Updating Community Reinvestment Act,6
803,2020-01-29,qa_pair20,Regulatory and Supervisory Reform,6
804,2020-01-29,qa_pair21,Low interest consequence discussion.,5
805,2020-03-03,opening_remark,FOMC rate cut response to coronavirus.,5
806,2020-03-03,qa_pair1,Monetary policy response.,1
807,2020-03-03,qa_pair2,Coordinated global action,6
808,2020-03-03,qa_pair3,Discussion of G7 policy tools.,6
809,2020-03-03,qa_pair4,Credit market concerns.,0
810,2020-03-03,qa_pair5,Monetary policy tools.,1
811,2020-03-03,qa_pair6,Monetary policy response to COVID-19,1
812,2020-03-03,qa_pair7,Monetary policy decisions,1
813,2020-03-03,qa_pair8,Impact of COVID-19.,6
814,2020-03-15,opening_remark,Answer: Coronavirus economic impacts,5
815,2020-03-15,qa_pair1,"Monetary policy, virus impact, economic recovery",1
816,2020-03-15,qa_pair2,Discussion of Monetary Tools.,1
817,2020-03-15,qa_pair3,Monetary policy and credit markets.,1
818,2020-03-15,qa_pair4,Inflation concerns and Fed response.,4
819,2020-03-15,qa_pair5,Main topic: Monetary policy purchases,1
820,2020-03-15,qa_pair6,Monetary policy implementation timeline,1
821,2020-03-15,qa_pair7,Chair Powell's precautions/Fed policy tools,6
822,2020-03-15,qa_pair8,COVID-19 Economic Impact,1
823,2020-03-15,qa_pair9,Path of virus and market liquidity.,5
824,2020-03-15,qa_pair10,Duration and effects of Coronavirus outbreak.,6
825,2020-03-15,qa_pair11,Financial stability risks rising,2
826,2020-03-15,qa_pair12,Topic: Addressing strained liquidity market.,5
827,2020-03-15,qa_pair13,Monetary policy coordination with banks,0
828,2020-04-29,opening_remark,Economic impacts of coronavirus,5
829,2020-04-29,qa_pair1,Monetary policy support measures,1
830,2020-04-29,qa_pair2,Monetary policy tools discussed,1
831,2020-04-29,qa_pair3,Monetary policy and lending powers.,1
832,2020-04-29,qa_pair4,Length of Coronavirus Recovery,6
833,2020-04-29,qa_pair5,Monetary policy guidance,1
834,2020-04-29,qa_pair6,"Path of virus, virus-control measures, economic recovery.",0
835,2020-04-29,qa_pair7,Marginalized workers unemployment,5
836,2020-04-29,qa_pair8,Fiscal policy/sustainability,0
837,2020-04-29,qa_pair9,Monetary and fiscal policy,1
838,2020-04-29,qa_pair10,Monetary policy and employment,1
839,2020-04-29,qa_pair11,Financial resilience post-crisis.,0
840,2020-04-29,qa_pair12,Monetary policy and inflation.,4
841,2020-04-29,qa_pair13,Discussion of labor market damage.,5
842,2020-04-29,qa_pair14,Low interest rates impacts.,5
843,2020-06-10,opening_remark,Pandemic economic impacts,5
844,2020-06-10,qa_pair1,Monetary policy and forward guidance,1
845,2020-06-10,qa_pair2,Economic uncertainty and recovery.,5
846,2020-06-10,qa_pair3,Monetary policy reaction to changes in economic outcome,1
847,2020-06-10,qa_pair4,Great Depression comparison,5
848,2020-06-10,qa_pair5,Long-term economic damage,5
849,2020-06-10,qa_pair6,"Monetary policy, market functioning",1
850,2020-06-10,qa_pair7,Regulatory Forbearance Measures,6
851,2020-06-10,qa_pair8,Main topic: fiscal policy response,0
852,2020-06-10,qa_pair9,Economic policy urgency and disagreement,5
853,2020-06-10,qa_pair10,Monetary policy for businesses.,0
854,2020-06-10,qa_pair11,Pandemics' effect on inequality.,5
855,2020-06-10,qa_pair12,Fiscal/Monetary Policy,1
856,2020-06-10,qa_pair13,Job Losses Permanent?,5
857,2020-06-10,qa_pair14,Economic Inequality,5
858,2020-06-10,qa_pair15,Financial markets functioning.,0
859,2020-07-29,opening_remark,Public health and economic crisis.,5
860,2020-07-29,qa_pair1,Dollar liquidity swaps,1
861,2020-07-29,qa_pair2,Discussion of funding provisions of Federal Reserve.,0
862,2020-07-29,qa_pair3,Monetary policy discussion.,1
863,2020-07-29,qa_pair4,Pandemic unemployment benefits.,5
864,2020-07-29,qa_pair5,Monetary policy effects on markets,1
865,2020-07-29,qa_pair6,Monetary policy and conflicts of interest.,1
866,2020-07-29,qa_pair7,Coin circulation disruption.,5
867,2020-07-29,qa_pair8,Topic: Coronavirus' effect on recovery,6
868,2020-07-29,qa_pair9,Course of virus affects economy.,5
869,2020-07-29,qa_pair10,Fiscal policy support.,0
870,2020-07-29,qa_pair11,Path of virus and policies,6
871,2020-07-29,qa_pair12,Monetary policy response to COVID-19.,1
872,2020-07-29,qa_pair13,re discussing disparate levels of unemployment.,5
873,2020-07-29,qa_pair14,Risks of labor market slowdown.,5
874,2020-07-29,qa_pair15,Monetary policy: 13 3 facilities,6
875,2020-07-29,qa_pair16,Labor market recovery,3
876,2020-07-29,qa_pair17,Monetary policy considerations,1
877,2020-07-29,qa_pair18,Monetary policy and bank capital.,1
878,2020-07-29,qa_pair19,Monetary policy review,1
879,2020-09-16,opening_remark,Monetary policy & economic recovery.,1
880,2020-09-16,qa_pair1,Monetary policy implementation,1
881,2020-09-16,qa_pair2,Financial stability concerns,2
882,2020-09-16,qa_pair3,Monetary policy/inflation goal,4
883,2020-09-16,qa_pair4,Recovery slowdown without stimulus.,5
884,2020-09-16,qa_pair5,Monetary policy forward guidance,1
885,2020-09-16,qa_pair6,Max Employment/Inflation Judgement Discussion,4
886,2020-09-16,qa_pair7,Monetary policy and fiscal support,1
887,2020-09-16,qa_pair8,Inequality & Poverty Effects,5
888,2020-09-16,qa_pair9,Monetary policy and bond purchases.,1
889,2020-09-16,qa_pair10,Living with Covid-19,6
890,2020-09-16,qa_pair11,Topic: Main Street Lending Program,0
891,2020-09-16,qa_pair12,Impact on labor markets.,3
892,2020-09-16,qa_pair13,Main topic of discussion: Monetary policy tools.,1
893,2020-09-16,qa_pair14,Labor market conditions,3
894,2020-09-16,qa_pair15,Researching racial economic gaps.,5
895,2020-09-16,qa_pair16,Flexible Average Inflation Targeting,2
896,2020-09-16,qa_pair17,Discussing commercial real estate,3
897,2020-09-16,qa_pair18,Shaping inflation expectations,4
898,2020-11-05,opening_remark,Monetary Policy & Economic Recovery,1
899,2020-11-05,qa_pair1,Labor market indicators moderating,3
900,2020-11-05,qa_pair2,Fiscal Support for Economy,2
901,2020-11-05,qa_pair3,Monetary/Fiscal policy partnership,1
902,2020-11-05,qa_pair4,Supporting economic activity.,3
903,2020-11-05,qa_pair5,Risk of labor supply damage.,5
904,2020-11-05,qa_pair6,Monetary policy extensions.,1
905,2020-11-05,qa_pair7,Monetary policy limits/consequences,1
906,2020-11-05,qa_pair8,Monetary policy and asset purchases.,1
907,2020-11-05,qa_pair9,Climate Change Financial Risks,0
908,2020-11-05,qa_pair10,Monetary policy and tail risks,1
909,2020-11-05,qa_pair11,Coin distribution issue,1
910,2020-11-05,qa_pair12,Questions about election impact.,6
911,2020-11-05,qa_pair13,Main topic: Main Street Facility loans,6
912,2020-11-05,qa_pair14,Monetary policy tools,1
913,2020-11-05,qa_pair15,Monetary policy & fiscal support,1
914,2020-12-16,opening_remark,Monetary policy goals/relief/support.,1
915,2020-12-16,qa_pair1,Monetary policy & goals,1
916,2020-12-16,qa_pair2,Monetary policy decisions.,1
917,2020-12-16,qa_pair3,Monetary policy facilities support,1
918,2020-12-16,qa_pair4,Fiscal policy and surge effects.,0
919,2020-12-16,qa_pair5,Housing Prices Valuation,3
920,2020-12-16,qa_pair6,Providing economic support for recovery,2
921,2020-12-16,qa_pair7,Herd immunity and inflation expectations,4
922,2020-12-16,qa_pair8,Climate change and financial regulation.,0
923,2020-12-16,qa_pair9,State and local aid,6
924,2020-12-16,qa_pair10,Main topic of discussion: Monetary Policy Accommodation,1
925,2020-12-16,qa_pair11,Inflation expectations discussed,4
926,2020-12-16,qa_pair12,Monetary policy and Treasury market.,1
927,2020-12-16,qa_pair13,Monetary policy and small businesses,2
928,2020-12-16,qa_pair14,Monetary policy transition.,1
929,2020-12-16,qa_pair15,Financial Stability Framework,2
930,2020-12-16,qa_pair16,Fiscal Support Discussion,0
931,2021-01-27,opening_remark,Monetary policy and coronavirus.,4
932,2021-01-27,qa_pair1,Nonbank financial stability risks,2
933,2021-01-27,qa_pair2,Fiscal policy response,0
934,2021-01-27,qa_pair3,"Monetary policy, asset valuation, bubbles.",1
935,2021-01-27,qa_pair4,Inflation dynamics and Fed actions,4
936,2021-01-27,qa_pair5,Vaccine rollout/impact,6
937,2021-01-27,qa_pair6,Monetary policy framework discussion,1
938,2021-01-27,qa_pair7,Inflation levels and effects.,4
939,2021-01-27,qa_pair8,Collaboration between Fed and Treasury,0
940,2021-01-27,qa_pair9,Topic: Economic outlook risks,0
941,2021-01-27,qa_pair10,Monetary policy on bank dividends.,1
942,2021-01-27,qa_pair11,Discussion of housing and corporate debt markets.,0
943,2021-01-27,qa_pair12,Labor market impact of pandemic.,5
944,2021-01-27,qa_pair13,Adaptability of economy to pandemic,3
945,2021-03-17,opening_remark,Pandemic economic recovery,3
946,2021-03-17,qa_pair1,Monetary policy decisions.,1
947,2021-03-17,qa_pair2,Monetary policy and tapering.,1
948,2021-03-17,qa_pair3,Monetary policy & unemployment,4
949,2021-03-17,qa_pair4,Monetary policy reaction function,1
950,2021-03-17,qa_pair5,Monetary policy target inflation.,4
951,2021-03-17,qa_pair6,Herd immunity and employment timelines.,6
952,2021-03-17,qa_pair7,Monetary Policy Tools,1
953,2021-03-17,qa_pair8,Unequal labor disparities,5
954,2021-03-17,qa_pair9,Fiscal policy economic recovery,0
955,2021-03-17,qa_pair10,Transatlantic economic divergence,3
956,2021-03-17,qa_pair11,Discussion of dividend restrictions.,6
957,2021-03-17,qa_pair12,Central Bank Policy Debate,0
958,2021-03-17,qa_pair13,Fiscal stimulus discussion,0
959,2021-03-17,qa_pair14,Main topic: Financial Stability Risks,2
960,2021-03-17,qa_pair15,Monetary policy: inflation & unemployment,4
961,2021-03-17,qa_pair16,Unemployment & inflation,4
962,2021-03-17,qa_pair17,"re thinking about that

Monetary policy tapering discussion",1
963,2021-03-17,qa_pair18,Topic: Economic Inflation Impacts,4
964,2021-03-17,qa_pair19,Supply chain bottlenecks.,6
965,2021-04-28,opening_remark,Monetary Policy & Unemployment,4
966,2021-04-28,qa_pair1,Monetary policy tapering,5
967,2021-04-28,qa_pair2,Virus and economy control.,5
968,2021-04-28,qa_pair3,"Raising interest, inflation expectations",4
969,2021-04-28,qa_pair4,Monetary Policy and Covid-19,1
970,2021-04-28,qa_pair5,Economic scarring prevention,5
971,2021-04-28,qa_pair6,Housing Market Boom,3
972,2021-04-28,qa_pair7,Lack of labor market skills.,5
973,2021-04-28,qa_pair8,Inflation and controlling it.,4
974,2021-04-28,qa_pair9,Monetary policy goals discussed,1
975,2021-04-28,qa_pair10,Bank supervision deficiencies,5
976,2021-04-28,qa_pair11,Homelessness and empathy,5
977,2021-04-28,qa_pair12,Central Bank Digital Currency,0
978,2021-04-28,qa_pair13,Inflation Expectations and Fed Mandate,4
979,2021-04-28,qa_pair14,Financial stability concerns,2
980,2021-04-28,qa_pair15,Monetary policy and financial stability,2
981,2021-04-28,qa_pair16,Fiscal/Monetary policy interactions,1
982,2021-04-28,qa_pair17,MBS purchases and housing market.,0
983,2021-04-28,qa_pair18,Monetary policy and tapering.,1
984,2021-06-16,opening_remark,Monetary policy and economic recovery.,1
985,2021-06-16,qa_pair1,Labor market recovery/strengthening.,3
986,2021-06-16,qa_pair2,Inflation and recovery effects,4
987,2021-06-16,qa_pair3,Tapering asset purchases.,6
988,2021-06-16,qa_pair4,Inflation expectations anchored,4
989,2021-06-16,qa_pair5,Monetary policy response.,1
990,2021-06-16,qa_pair6,Monetary policy decisions/post pandemic stance.,1
991,2021-06-16,qa_pair7,Monetary policy tapering.,5
992,2021-06-16,qa_pair8,Flexible inflation targeting.,2
993,2021-06-16,qa_pair9,Money Market Rates,1
994,2021-06-16,qa_pair10,Full employment during pandemic,3
995,2021-06-16,qa_pair11,Monetary policy and leverage ratio.,1
996,2021-06-16,qa_pair12,Excess supply and demand mismatch.,5
997,2021-06-16,qa_pair13,Pandemic and economic recovery,3
998,2021-06-16,qa_pair14,Inflation expectations and economics,4
999,2021-06-16,qa_pair15,Economy slowing with higher inflation.,5
1000,2021-06-16,qa_pair16,Risk of stagflation,5
1001,2021-06-16,qa_pair17,Monetary policy implications,1
1002,2021-06-16,qa_pair18,Monetary Policy Framework & Inflation.,4
1003,2021-07-28,opening_remark,Monetary policy goals.,1
1004,2021-07-28,qa_pair1,Discussion: Monetary Policy target progress,1
1005,2021-07-28,qa_pair2,Discussion of Fed's taper plans.,6
1006,2021-07-28,qa_pair3,Monetary Policy Liftoff/Tapering,1
1007,2021-07-28,qa_pair4,Global multispeed recovery,6
1008,2021-07-28,qa_pair5,Inflation outlook risks,5
1009,2021-07-28,qa_pair6,Balancing inflation and employment.,4
1010,2021-07-28,qa_pair7,Labor market policies.,3
1011,2021-07-28,qa_pair8,Issues surrounding job market.,3
1012,2021-07-28,qa_pair9,Covid economic implications,3
1013,2021-07-28,qa_pair10,Inflation and transitory price increases,4
1014,2021-07-28,qa_pair11,Monetary policy: tapering timeline,5
1015,2021-07-28,qa_pair12,Regulatory/capital requirements and inequality,5
1016,2021-07-28,qa_pair13,Inflation and distortions.,4
1017,2021-07-28,qa_pair14,"Mortgage-Backed Securities, tapering.",0
1018,2021-07-28,qa_pair15,Monetary policy implementation,1
1019,2021-07-28,qa_pair16,Inflation and Monetary Policy,4
1020,2021-07-28,qa_pair17,Topic: Wage gains and inflation,4
1021,2021-09-22,opening_remark,Monetary policy and labor market.,1
1022,2021-09-22,qa_pair1,Monetary policy taper/rate increases,4
1023,2021-09-22,qa_pair2,Monetary policy & inflation,4
1024,2021-09-22,qa_pair3,Monetary policy Tapering Debate,5
1025,2021-09-22,qa_pair4,Monetary policy liftoff criteria,1
1026,2021-09-22,qa_pair5,Ethics rules around Fed officials.,6
1027,2021-09-22,qa_pair6,Monetary policy ownership rules.,1
1028,2021-09-22,qa_pair7,Labor market tightness.,5
1029,2021-09-22,qa_pair8,Monetary policy regulation,1
1030,2021-09-22,qa_pair9,Inclusive monetary policy,2
1031,2021-09-22,qa_pair10,"Debt Default, Economy, Fed.",0
1032,2021-09-22,qa_pair11,Financial regulation of Wells Fargo,0
1033,2021-09-22,qa_pair12,Stock trading activities of regional Fed Bank Presidents,0
1034,2021-09-22,qa_pair13,Fed's dual mandate balance.,6
1035,2021-09-22,qa_pair14,Corporate debt concerns.,0
1036,2021-09-22,qa_pair15,Chair Powell's Reappointment,6
1037,2021-09-22,qa_pair16,Tapering and balance sheet.,6
1038,2021-09-22,qa_pair17,Inflation Expectations Divide,5
1039,2021-09-22,qa_pair18,Monetary policy taper timing,4
1040,2021-09-22,qa_pair19,Central Bank Digital Currency,0
1041,2021-11-03,opening_remark,Monetary Policy Support/Recovery,1
1042,2021-11-03,qa_pair1,Monetary Policy Outlook,1
1043,2021-11-03,qa_pair2,Wage growth discussion.,3
1044,2021-11-03,qa_pair3,Monetary policy impact/outlook,1
1045,2021-11-03,qa_pair4,Tradeoff between inflation and unemployment.,4
1046,2021-11-03,qa_pair5,Economic tapering risks.,5
1047,2021-11-03,qa_pair6,Monetary policy & inflation,4
1048,2021-11-03,qa_pair7,Measuring full employment,3
1049,2021-11-03,qa_pair8,Monetary policy and inflation.,4
1050,2021-11-03,qa_pair9,Max employment and inflation,4
1051,2021-11-03,qa_pair10,Climate change and bank regulation,0
1052,2021-11-03,qa_pair11,Ethics of Fed Officials,6
1053,2021-11-03,qa_pair12,Discussion of inflation and controlling monetary policy.,4
1054,2021-11-03,qa_pair13,Topic: Fed tapering policy,6
1055,2021-11-03,qa_pair14,Debate of balance sheet endgame.,6
1056,2021-11-03,qa_pair15,Treasury markets liquidity.,0
1057,2021-11-03,qa_pair16,Reputational damage of Federal Reserve independence,5
1058,2021-11-03,qa_pair17,Labor Market Dynamics,3
1059,2021-12-15,opening_remark,Monetary policy and labor market.,1
1060,2021-12-15,qa_pair1,Max. Employment Judgement,3
1061,2021-12-15,qa_pair2,"Monetary policy, inflation, & taper.",4
1062,2021-12-15,qa_pair3,Monetary policy and balance sheet.,1
1063,2021-12-15,qa_pair4,Maximum employment discussion,3
1064,2021-12-15,qa_pair5,Effect of COVID variant on economy,3
1065,2021-12-15,qa_pair6,Inflation and employment,4
1066,2021-12-15,qa_pair7,Monetary policy and inflation.,4
1067,2021-12-15,qa_pair8,Measuring maximum employment,3
1068,2021-12-15,qa_pair9,Topic: Labor Force Participation,3
1069,2021-12-15,qa_pair10,Consumer spending strength,3
1070,2021-12-15,qa_pair11,Rising inflation risks.,4
1071,2021-12-15,qa_pair12,Financial stability risks,2
1072,2021-12-15,qa_pair13,Monetary policy and inflation.,4
1073,2021-12-15,qa_pair14,Monetary Policy Tools Decision-making,1
1074,2021-12-15,qa_pair15,Topic: Inflation due to stimulus and pandemic,4
1075,2021-12-15,qa_pair16,The topic is global long rate comparisons.,6
1076,2021-12-15,qa_pair17,Tightening monetary policy.,4
1077,2022-01-26,opening_remark,Monetary policy and labor market.,1
1078,2022-01-26,qa_pair1,Monetary policy adjustments.,1
1079,2022-01-26,qa_pair2,"Monetary policy, labor market, inflation.",4
1080,2022-01-26,qa_pair3,Balance Sheet Recalibration,6
1081,2022-01-26,qa_pair4,Financial Market Volatility,5
1082,2022-01-26,qa_pair5,Monetary policy and inflation,4
1083,2022-01-26,qa_pair6,Monetary policy balance sheet.,1
1084,2022-01-26,qa_pair7,Risks to monetary policy,5
1085,2022-01-26,qa_pair8,Main Topic: Inflation expectations,4
1086,2022-01-26,qa_pair9,"Monetary policy, interest rates, inflation, economic situation.",4
1087,2022-01-26,qa_pair10,Fixed income's effects of inflation.,4
1088,2022-01-26,qa_pair11,"Monetary Policy, Inflation, Supply Chain Issues",4
1089,2022-01-26,qa_pair12,Inflation and employment goals,4
1090,2022-01-26,qa_pair13,Monetary/Fiscal Policy Response to Crisis,0
1091,2022-01-26,qa_pair14,Yield curve analysis.,6
1092,2022-01-26,qa_pair15,Normalizing monetary policy,2
1093,2022-03-16,opening_remark,Monetary policy and economic outlook,1
1094,2022-03-16,qa_pair1,Monetary policy reaction to risks.,1
1095,2022-03-16,qa_pair2,Monetary policy effects on GDP.,1
1096,2022-03-16,qa_pair3,Expectation of inflation decline.,5
1097,2022-03-16,qa_pair4,Monetary policy effect on real rates,1
1098,2022-03-16,qa_pair5,Monetary policy and inflation.,4
1099,2022-03-16,qa_pair6,Monetary Policy projections.,1
1100,2022-03-16,qa_pair7,Monetary policy and inflation.,4
1101,2022-03-16,qa_pair8,Inflation and interest rate.,4
1102,2022-03-16,qa_pair9,"Monetary policy, unemployment, inflation.",4
1103,2022-03-16,qa_pair10,Maintaining price stability,2
1104,2022-03-16,qa_pair11,Labor force participation,3
1105,2022-03-16,qa_pair12,Monetary policy implications of financial conditions,1
1106,2022-03-16,qa_pair13,Main topic: Shrinking the balance sheet,5
1107,2022-03-16,qa_pair14,Inflation targeting policy.,4
1108,2022-03-16,qa_pair15,Inflation impacts on everyday life.,5
1109,2022-03-16,qa_pair16,Bringing inflation to 2%,5
1110,2022-03-16,qa_pair17,Sanctions on Russia and USD reserve currency.,5
1111,2022-03-16,qa_pair18,Wage-Price Spiral discussion,3
1112,2022-03-16,qa_pair19,Monetary policy decision making.,1
1113,2022-05-04,opening_remark,Monetary Policy: Inflation Control,4
1114,2022-05-04,qa_pair1,Labor Market Supply/Demand,3
1115,2022-05-04,qa_pair2,Monetary policy; rate hikes; inflation.,4
1116,2022-05-04,qa_pair3,Inflationary psychology/expectations,4
1117,2022-05-04,qa_pair4,Supply shock inflation risks.,4
1118,2022-05-04,qa_pair5,Inflation and demand.,4
1119,2022-05-04,qa_pair6,Labor market balance,3
1120,2022-05-04,qa_pair7,Inflation control.,4
1121,2022-05-04,qa_pair8,Fed chairman discusses inflation and recession.,4
1122,2022-05-04,qa_pair9,Fed's responsibility for inflation.,4
1123,2022-05-04,qa_pair10,Controlling inflation with potential recession,4
1124,2022-05-04,qa_pair11,Monetary policy efficacy,1
1125,2022-05-04,qa_pair12,"Monetary policy: inflation, demand, supply.",4
1126,2022-05-04,qa_pair13,Adapting to changing economic data.,3
1127,2022-05-04,qa_pair14,Balancing dual mandate,6
1128,2022-06-15,opening_remark,Bringing inflation down.,5
1129,2022-06-15,qa_pair1,Monetary policy expectations,1
1130,2022-06-15,qa_pair2,Inflationary pressures and Fed rate hikes.,4
1131,2022-06-15,qa_pair3,Monetary policy and inflation.,4
1132,2022-06-15,qa_pair4,Inflation expectations,4
1133,2022-06-15,qa_pair5,Monetary policy guidance,1
1134,2022-06-15,qa_pair6,Inflation & Unemployment tradeoff.,4
1135,2022-06-15,qa_pair7,Inflation versus Unemployment.,4
1136,2022-06-15,qa_pair8,Monetary policy and labor market,1
1137,2022-06-15,qa_pair9,Consumer spending habits,3
1138,2022-06-15,qa_pair10,Monetary policy and inflation.,4
1139,2022-06-15,qa_pair11,Inflation and monetary policy,4
1140,2022-06-15,qa_pair12,Households' inflation concerns.,4
1141,2022-06-15,qa_pair13,Inflation measures increasing,4
1142,2022-06-15,qa_pair14,Monetary Policy: Soft Landing,2
1143,2022-06-15,qa_pair15,Monetary Policy Path,1
1144,2022-06-15,qa_pair16,t know what s going to happen and will it be transitory or to how persistant it will,6
1145,2022-06-15,qa_pair17,Outlook for housing market.,3
1146,2022-07-27,opening_remark,Inflation and monetary policy,4
1147,2022-07-27,qa_pair1,Inflation Monitoring,4
1148,2022-07-27,qa_pair2,Monetary policy discussions.,1
1149,2022-07-27,qa_pair3,Monetary policy and inflation,4
1150,2022-07-27,qa_pair4,Inflation and policymaking.,4
1151,2022-07-27,qa_pair5,Monetary policy and recession,4
1152,2022-07-27,qa_pair6,Price stability/inflation.,4
1153,2022-07-27,qa_pair7,Monetary policy and recession risk,4
1154,2022-07-27,qa_pair8,Financial disclosure rules.,0
1155,2022-07-27,qa_pair9,Monetary Policy Decision-Making,1
1156,2022-07-27,qa_pair10,Gap between PCE and CPI,5
1157,2022-07-27,qa_pair11,Monetary policy and demand.,1
1158,2022-07-27,qa_pair12,Labor market balance.,3
1159,2022-07-27,qa_pair13,Achieving a soft landing.,2
1160,2022-07-27,qa_pair14,Reducing balance sheet,5
1161,2022-07-27,qa_pair15,Inflation Expectations/Financial Conditions,4
1162,2022-07-27,qa_pair16,Monetary policy/tapering decisions,1
1163,2022-07-27,qa_pair17,Recession definition discussion,5
1164,2022-07-27,qa_pair18,Discussion of NAIRU.,6
1165,2022-07-27,qa_pair19,Recession/inflation forecast,4
1166,2022-07-27,qa_pair20,Rapid monetary policy tightening,4
1167,2022-07-27,qa_pair21,Fighting inflation impacts on households,5
1168,2022-09-21,opening_remark,Monetary policy and inflation,4
1169,2022-09-21,qa_pair1,Inflation/Labor Market Balance,4
1170,2022-09-21,qa_pair2,Monetary policy and inflation.,4
1171,2022-09-21,qa_pair3,"Unemployment, inflation, and recession.",4
1172,2022-09-21,qa_pair4,Monetary policy destination.,1
1173,2022-09-21,qa_pair5,Monetary Policy Decisions,1
1174,2022-09-21,qa_pair6,Monetary policy and inflation.,4
1175,2022-09-21,qa_pair7,Balance sheet runoff.,6
1176,2022-09-21,qa_pair8,Global monetary policy coordination,1
1177,2022-09-21,qa_pair9,Monetary policy and economic resilience,1
1178,2022-09-21,qa_pair10,Monetary policy and inflation,4
1179,2022-09-21,qa_pair11,Price stability and inflation,2
1180,2022-09-21,qa_pair12,Economic pain and Price Stability,2
1181,2022-09-21,qa_pair13,Resetting the Housing Market,3
1182,2022-09-21,qa_pair14,Monetary Policy: Real Rates,1
1183,2022-11-02,opening_remark,Main topic: Price Stability,2
1184,2022-11-02,qa_pair1,Monetary policy discussion.,1
1185,2022-11-02,qa_pair2,Monetary policy rate tightening.,4
1186,2022-11-02,qa_pair3,Monetary policy and inflation.,4
1187,2022-11-02,qa_pair4,Inflation expectations,4
1188,2022-11-02,qa_pair5,Monetary policy lag effects.,5
1189,2022-11-02,qa_pair6,Monetary policy impacts on housing,0
1190,2022-11-02,qa_pair7,Labor market discussion,3
1191,2022-11-02,qa_pair8,Global economic developments.,3
1192,2022-11-02,qa_pair9,Ethics & Public Trust,6
1193,2022-11-02,qa_pair10,Monetary policy and yield curve,1
1194,2022-11-02,qa_pair11,Monetary policy and inflation,4
1195,2022-11-02,qa_pair12,Discussion topic: Effects of fiscal spending on inflation.,4
1196,2022-11-02,qa_pair13,Inflation challenges and soft landing,5
1197,2022-12-14,opening_remark,Monetary policy and inflation,4
1198,2022-12-14,qa_pair1,Monetary policy and inflation.,4
1199,2022-12-14,qa_pair2,Monetary policy and inflation.,4
1200,2022-12-14,qa_pair3,Recession prevention,5
1201,2022-12-14,qa_pair4,Topic: Monetary policy decisions.,1
1202,2022-12-14,qa_pair5,Labor market strength/unemployment.,3
1203,2022-12-14,qa_pair6,Monetary policy tightening forecast.,1
1204,2022-12-14,qa_pair7,Monetary policy and inflation,4
1205,2022-12-14,qa_pair8,Monetary policy stance,1
1206,2022-12-14,qa_pair9,China reopening risks,0
1207,2022-12-14,qa_pair10,Inflation and wages.,4
1208,2022-12-14,qa_pair11,"Monetary policy, inflation, soft landing",4
1209,2022-12-14,qa_pair12,Monetary Policy Rates & Inflation,4
1210,2022-12-14,qa_pair13,Maintaining 2% inflation target,2
1211,2022-12-14,qa_pair14,Inequality and labor market.,5
1212,2022-12-14,qa_pair15,Inflation/employment balance.,4
1213,2022-12-14,qa_pair16,Structural labor shortage,5
1214,2022-12-14,qa_pair17,Monetary policy decisions.,1
1215,2022-12-14,qa_pair18,Monetary Policy: Neutral Rates & Inflation,2
1216,2023-02-01,opening_remark,Monetary policy tightening and inflation.,4
1217,2023-02-01,qa_pair1,Discussion topic: Monetary policy and inflation.,4
1218,2023-02-01,qa_pair2,Disinflationary process,6
1219,2023-02-01,qa_pair3,Labor market strength,3
1220,2023-02-01,qa_pair4,Monetary policy trajectory,1
1221,2023-02-01,qa_pair5,Inflation easing and labor market effects,4
1222,2023-02-01,qa_pair6,The main topic of discussion: Inflation and Interest Rates,4
1223,2023-02-01,qa_pair7,Debt ceiling and Congress.,0
1224,2023-02-01,qa_pair8,Monetary policy rate increases,4
1225,2023-02-01,qa_pair9,Monetary policy and inflation.,4
1226,2023-02-01,qa_pair10,Monetary policy effects on economy,1
1227,2023-02-01,qa_pair11,Monetary policy inflation evidence,4
1228,2023-02-01,qa_pair12,Topic: Disinflation and Monetary Policy,1
1229,2023-02-01,qa_pair13,Monetary policy forecasting.,1
1230,2023-02-01,qa_pair14,Pandemics' effect on economy,5
1231,2023-02-01,qa_pair15,Inflation expectations,4
1232,2023-02-01,qa_pair16,Discussion of financial conditions.,0
1233,2023-02-01,qa_pair17,Debt ceiling and QE.,0
1234,2023-03-22,opening_remark,Monetary policy and banking sector.,1
1235,2023-03-22,qa_pair1,Monetary policy and banking system.,1
1236,2023-03-22,qa_pair2,Monetary Policy Outlook,1
1237,2023-03-22,qa_pair3,Monetary Policy/Banking Stress,0
1238,2023-03-22,qa_pair4,Systemic risk exception.,6
1239,2023-03-22,qa_pair5,Credit tightening effects,0
1240,2023-03-22,qa_pair6,Bank oversight & regulation,0
1241,2023-03-22,qa_pair7,Monetary policy expectations.,1
1242,2023-03-22,qa_pair8,Commercial real estate risks,0
1243,2023-03-22,qa_pair9,Fiscal policy and inflation.,4
1244,2023-03-22,qa_pair10,Emergency 13(3) authority use.,6
1245,2023-03-22,qa_pair11,Rate hike end cycle,6
1246,2023-03-22,qa_pair12,Balance sheet expansion.,3
1247,2023-03-22,qa_pair13,Discussion topic: Bank supervision/regulation,0
1248,2023-03-22,qa_pair14,Deposit Insurance Safety,2
1249,2023-03-22,qa_pair15,Merger of Credit Suisse.,0
1250,2023-03-22,qa_pair16,Inflation & Unemployment,4
1251,2023-03-22,qa_pair17,Soft landing for economy,2
1252,2023-03-22,qa_pair18,Regulatory enforcement review.,6
1253,2023-03-22,qa_pair19,Financial conditions tightening.,5
1254,2023-05-03,opening_remark,Monetary policy & inflation,4
1255,2023-05-03,qa_pair1,Monetary policy debate,1
1256,2023-05-03,qa_pair2,Debt ceiling uncertainty.,0
1257,2023-05-03,qa_pair3,Interest rate risk management.,1
1258,2023-05-03,qa_pair4,Banking consolidation/stability,2
1259,2023-05-03,qa_pair5,"s happening and act accordingly

Monetary policy/ credit tightening",1
1260,2023-05-03,qa_pair6,Monetary policy assessment,1
1261,2023-05-03,qa_pair7,Monetary policy: inflation targeting.,4
1262,2023-05-03,qa_pair8,Monetary Policy/Inflation Target,4
1263,2023-05-03,qa_pair9,Economic Recession Avoidance,5
1264,2023-05-03,qa_pair10,Inflation and wages,4
1265,2023-05-03,qa_pair11,Profit Margins and Inflation,4
1266,2023-05-03,qa_pair12,Monetary policy framework / response,1
1267,2023-05-03,qa_pair13,Central bank banking stress.,0
1268,2023-05-03,qa_pair14,Debt ceiling implications,0
1269,2023-05-03,qa_pair15,Regulatory and Supervisory Oversight,6
1270,2023-05-03,qa_pair16,Monetary policy effects.,1
1271,2023-05-03,qa_pair17,Banking turmoil resolution,0
1272,2023-05-03,qa_pair18,Monetary policy mistakes.,5
1273,2023-05-03,qa_pair19,Monetary policy decision making,1
1274,2023-05-03,qa_pair20,Monetary policy: stress testing banks.,0
1275,2023-06-14,opening_remark,Monetary policy: price stability,2
